順序,類型,標題,連結,圖片,顯示方式,顯示
1,連結,吃麵也能救地球、救健保？日日好食用 13.2 公里高的「聖母峰天際線」揭開餐桌上的美味奇蹟 | 人物誌 PERSONA MEDIA,https://www.persona-media.com/7264/news-goodfoodeveryday-earthday,assets/img/links/01-persona-media-com.jpeg,,是
2,連結,日日好食「好控麵」送愛烏干達 與愛女孩攜手跨海實踐「營養平等」 | 中央社訊息平台,https://www.cna.com.tw/Postwrite/Chi/419583,assets/img/links/02-cna-com-tw.jpeg,,是
3,連結,今周刊-從台灣搶攻全球「高蛋白飲食市場」！ 擴張中的機能麵條新革命,https://www.businesstoday.com.tw/article/category/154687/post/202506030056/,,,是
4,連結,無痛控醣神器！營養師揭祕「這碗麵」血糖不升反穩 連續葡萄糖監測系統數據實證 打破吃麵等於爆醣迷思,https://vocus.cc/article/68d20dc0fd89780001dbe9d3,assets/img/links/04-vocus-cc.jpeg,,是
5,影片,【美鳳有約】蔬菜肉絲炒麵、花椒胡麻控捲麵 ( #林佳儀 #小妏),https://youtube.com/watch?si=waK31-oeRvP8hjIx&v=tNQjtYzoKGs&feature=youtu.be,,卡片,是
6,影片,《POP最正點》林書煒 專訪 日日好食 共同創辦人 麥育瑋 Morris & 劉亭妏 Alli - YouTube,https://www.youtube.com/watch?v=SNDWixSqUG8,assets/img/links/06-youtube-com.jpeg,卡片,是
7,影片,S2EP62 | 你知道原來吃拌麵也能控醣？製麵用製藥精神，在台灣拌麵紅海中殺出藍海！ Feat. 日日好食創辦人Morris & 共同創辦人Alli,https://youtu.be/sZSRUY8ZR_c?si=wr5Rk7EK4_J_WPid,assets/img/links/07-youtu-be.jpeg,卡片,是
8,連結,好食好事加速器 力挺食農 | 綜合產業 | 產業 | 經濟日報,https://money.udn.com/money/story/10871/9115236,,,是
9,連結,創辦人麥育瑋創業理念,https://pr.ntnu.edu.tw/ntnunews/index.php?mode=data&id=21811&type_id=73,assets/img/links/09-pr-ntnu-edu-tw.jpeg,,是
10,連結,台灣新創拌麵登陸美國 知名通路採購也排隊試吃,https://tw.stock.yahoo.com/news/%E5%8F%B0%E7%81%A3%E6%96%B0%E5%89%B5%E6%8B%8C%E9%BA%B5%E7%99%BB%E9%99%B8%E7%BE%8E%E5%9C%8B-%E7%9F%A5%E5%90%8D%E9%80%9A%E8%B7%AF%E6%8E%A1%E8%B3%BC%E4%B9%9F%E6%8E%92%E9%9A%8A%E8%A9%A6%E5%90%83-042900351.html,assets/img/links/10-tw-stock-yahoo-com.jpeg,,是
11,連結,控醣人放心吃 日日好食麥育瑋研發SGS認證控醣產品,https://www.chinatimes.com/campus/20240719003475-262311,assets/img/links/11-chinatimes-com.png,,是
12,影片,Semii BRAND STORY 日日好食好控麵介紹,https://www.youtube.com/watch?v=VNbF0LPh4F0,assets/img/links/12-youtube-com.jpg,嵌入,是
13,連結,日日好食好控麵 ｜官方網站,https://www.goodfoodeveryday.com.tw/,assets/img/links/13-goodfoodeveryday-com-tw.png,,是
14,連結,• 博客來:做一件很棒的事：52週控醣練習，吃出更好的自己,https://www.books.com.tw/products/0011004166,assets/img/links/14-books-com-tw.webp,,是
15,連結,"• 誠品線上：做一件很棒的事: 52週控醣練習, 吃出更好的自己",https://www.eslite.com/product/10012295492682663285000,assets/img/links/15-eslite-com.jpeg,,是
16,影片,日日好食 x 健身博覽會,https://www.youtube.com/watch?v=YL7OOnSCtxI,,卡片,是
17,連結,LINE@加入好友,https://line.me/ti/p/~@976yrzim,,,是
18,連結,新年大餐吃不停？醫生、營養師、教練傳授控醣祕訣，健康享受不失控,https://act.chinatimes.com/market/content.aspx?AdID=17616&chdtv,,,是
